{"cameraMode":{"drawMode":0,"name":"Shaded","section":"Shading Mode"},"sceneLighting":true,"audioPlay":false,"sceneViewState":{"m_AlwaysRefresh":false,"showFog":true,"showSkybox":true,"showFlares":true,"showImageEffects":true,"showParticleSystems":true,"showVisualEffectGraphs":true,"m_FxEnabled":true},"in2DMode":false,"pivot":{"x":-0.2633993625640869,"y":0.6224578619003296,"z":0.06971272081136704},"rotation":{"x":0.06527888774871826,"y":0.9024637341499329,"z":-0.14749324321746827,"w":0.3994430899620056},"size":0.9845905303955078,"orthographic":true}